Usuario,r_H,o_H,b_H,e_H,r_H,t_H,o_H,or_DD,bo_DD,eb_DD,re_DD,tr_DD,ot_DD
Lilia,0.0793297290802002,0.023426055908203125,0.05613350868225098,0.08779501914978027,0.07167434692382812,0.08762836456298828,0.0722494125366211,0.20719480514526367,0.36799097061157227,0.10414004325866699,0.20012426376342773,0.5120041370391846,0.11133766174316406
Lilia,0.03848862648010254,0.06392121315002441,0.05489778518676758,0.05577898025512695,0.06289505958557129,0.047452688217163086,0.07125616073608398,0.13462138175964355,0.2485649585723877,0.12747621536254883,0.1767253875732422,0.20746946334838867,0.20832514762878418
Lilia,0.07124567031860352,0.05602765083312988,0.0721886157989502,0.03179597854614258,0.055655479431152344,0.0479731559753418,0.07190537452697754,0.11858773231506348,0.24864721298217773,0.1435840129852295,0.1680152416229248,0.22448515892028809,0.13605642318725586
Lilia,0.05454373359680176,0.05584716796875,0.06308889389038086,0.055956363677978516,0.055917978286743164,0.06330633163452148,0.05497932434082031,0.14281558990478516,0.2487344741821289,0.10315871238708496,0.20052623748779297,0.20002007484436035,0.19233012199401855
Lilia,0.05422806739807129,0.07181978225708008,0.06355619430541992,0.04766440391540527,0.06357860565185547,0.05586099624633789,0.07132840156555176,0.15039682388305664,0.2562375068664551,0.12778306007385254,0.17621421813964844,0.20774292945861816,0.16057348251342773
Lilia,0.06218719482421875,0.05600738525390625,0.055289506912231445,0.04719948768615723,0.0717475414276123,0.06366872787475586,0.06352019309997559,0.1665182113647461,0.25611114501953125,0.15226340293884277,0.17548203468322754,0.21623897552490234,0.1679987907409668
Lilia,0.07121992111206055,0.06409597396850586,0.06366515159606934,0.04813575744628906,0.0796349048614502,0.054906368255615234,0.08060860633850098,0.14258050918579102,0.25643181800842285,0.1197957992553711,0.17626404762268066,0.22455048561096191,0.11101794242858887
Lilia,0.06219625473022461,0.07191967964172363,0.06308746337890625,0.08025646209716797,0.055155038833618164,0.06385350227355957,0.05573320388793945,0.27884936332702637,0.3042752742767334,0.12688350677490234,0.20911931991577148,0.23174118995666504,0.1842813491821289
Lilia,0.07896280288696289,0.07223224639892578,0.07139110565185547,0.03935956954956055,0.0715489387512207,0.06379342079162598,0.0709390640258789,0.16736102104187012,0.2802407741546631,0.16000866889953613,0.1917426586151123,0.22398161888122559,0.16854238510131836
Lilia,0.06259727478027344,0.06325316429138184,0.055855512619018555,0.0723714828491211,0.05557608604431152,0.10433053970336914,0.03891944885253906,0.16709399223327637,0.3192176818847656,0.13604354858398438,0.20028471946716309,0.20777177810668945,0.25676965713500977
Lilia,0.0865485668182373,0.07899165153503418,0.0636911392211914,0.07177734375,0.05539059638977051,0.07134890556335449,0.07107686996459961,0.20695018768310547,0.2554953098297119,0.11973309516906738,0.20080041885375977,0.2159717082977295,0.20004630088806152
Lilia,0.03829789161682129,0.05522656440734863,0.06379485130310059,0.07158803939819336,0.05509543418884277,0.06346631050109863,0.07112932205200195,0.15957188606262207,0.27115964889526367,0.0963442325592041,0.18449139595031738,0.19916820526123047,0.1688225269317627
Lilia,0.06308937072753906,0.055563926696777344,0.05551600456237793,0.0722203254699707,0.0481109619140625,0.0876016616821289,0.04809975624084473,0.15919899940490723,0.24827790260314941,0.12762928009033203,0.19989013671875,0.20847773551940918,0.21552443504333496
Lilia,0.08719015121459961,0.0718071460723877,0.07143187522888184,0.08010292053222656,0.08746027946472168,0.09598278999328613,0.08019733428955078,0.20694994926452637,0.32836270332336426,0.19176578521728516,0.19219660758972168,0.23204636573791504,0.21572422981262207
Lilia,0.11903262138366699,0.0804128646850586,0.06357693672180176,0.09541678428649902,0.05596923828125,0.09639310836791992,0.07143521308898926,0.25466322898864746,0.3522765636444092,0.13618230819702148,0.19977164268493652,0.1997509002685547,0.2004859447479248
Lilia,0.10222840309143066,0.07185888290405273,0.0799703598022461,0.06348800659179688,0.07130074501037598,0.06316995620727539,0.08045125007629395,0.2298567295074463,0.3204491138458252,0.18427395820617676,0.19195818901062012,0.2160205841064453,0.1835482120513916
Lilia,0.12629079818725586,0.07223176956176758,0.07963132858276367,0.07147645950317383,0.03937840461730957,0.1039128303527832,0.07157468795776367,0.20601582527160645,0.337169885635376,0.15168428421020508,0.19986939430236816,0.1924278736114502,0.2234950065612793
Lilia,0.07020759582519531,0.0876011848449707,0.06399154663085938,0.047426700592041016,0.06281256675720215,0.1038668155670166,0.07131075859069824,0.21461081504821777,0.3437306880950928,0.1679980754852295,0.200789213180542,0.5840470790863037,0.255810022354126
Lilia,0.08714175224304199,0.08040142059326172,0.05508232116699219,0.07968258857727051,0.055501461029052734,0.047617435455322266,0.07216024398803711,0.24678301811218262,0.40877199172973633,0.12787771224975586,0.20812344551086426,0.21551203727722168,0.18402528762817383
Lilia,0.151475191116333,0.0716547966003418,0.047910451889038086,0.07160782814025879,0.07193684577941895,0.07114815711975098,0.07134294509887695,0.2795591354370117,0.4795193672180176,0.1202847957611084,0.1917264461517334,0.216522216796875,0.22392535209655762
Lilia,0.07885098457336426,0.05493760108947754,0.06367850303649902,0.06390142440795898,0.08734846115112305,0.09605932235717773,0.07186222076416016,0.23978519439697266,0.3439626693725586,0.15981459617614746,0.21603107452392578,0.2076706886291504,0.17573022842407227
Lilia,0.07827234268188477,0.05640888214111328,0.05583810806274414,0.07184076309204102,0.06333732604980469,0.07976055145263672,0.06446266174316406,0.1743779182434082,0.2639946937561035,0.16803598403930664,0.20042967796325684,0.2242138385772705,0.11926960945129395
Lilia,0.03876066207885742,0.047576904296875,0.039223670959472656,0.0718221664428711,0.0800774097442627,0.08782792091369629,0.05585336685180664,0.15130138397216797,0.2240140438079834,0.1119697093963623,0.16780614852905273,0.1921532154083252,0.14376425743103027
Lilia,0.070892333984375,0.0476529598236084,0.0717020034790039,0.0805814266204834,0.07245516777038574,0.08783435821533203,0.0955498218536377,0.15063238143920898,0.2485215663909912,0.12720632553100586,0.20026612281799316,0.20001006126403809,0.14430856704711914
Lilia,0.08680224418640137,0.05569005012512207,0.05579566955566406,0.07985591888427734,0.06381082534790039,0.09597516059875488,0.0958552360534668,0.17508220672607422,0.2718522548675537,0.12015533447265625,0.1999053955078125,0.18399596214294434,0.1519460678100586
Wesley,0.07093977928161621,0.07979226112365723,0.08002662658691406,0.1114039421081543,0.09578537940979004,0.0878598690032959,0.07218575477600098,0.1511244773864746,0.1679220199584961,0.2161698341369629,0.055834054946899414,0.2081921100616455,0.11965179443359375
Wesley,0.09501218795776367,0.08778929710388184,0.08786582946777344,0.0951852798461914,0.11210489273071289,0.07208871841430664,0.07205700874328613,0.16738080978393555,0.15987563133239746,0.2641334533691406,0.031100749969482422,0.23273611068725586,0.1519026756286621
Wesley,0.08687400817871094,0.06401896476745605,0.08775091171264648,0.1269397735595703,0.06383800506591797,0.0722813606262207,0.08753275871276855,0.12699079513549805,0.16010046005249023,0.27197790145874023,0.07924962043762207,0.200272798538208,0.14433050155639648
Wesley,0.09499096870422363,0.07174921035766602,0.09597134590148926,0.11960601806640625,0.06448221206665039,0.08783817291259766,0.07952618598937988,0.15896153450012207,0.7840211391448975,0.25599122047424316,0.08801484107971191,0.19214677810668945,0.16035127639770508
Wesley,0.07168364524841309,0.09605789184570312,0.14432144165039062,0.15216469764709473,0.09592747688293457,0.0793755054473877,0.07985639572143555,0.15946364402770996,0.44017481803894043,0.31200504302978516,0.10384082794189453,0.2084965705871582,0.26365184783935547
Wesley,0.11085271835327148,0.09625887870788574,0.06323361396789551,0.13671040534973145,0.10409069061279297,0.07987785339355469,0.09586477279663086,0.11127161979675293,0.24819064140319824,0.2553715705871582,0.08000063896179199,0.2162177562713623,0.2639033794403076
Wesley,0.06259727478027344,0.0965423583984375,0.07173824310302734,0.11964774131774902,0.08737945556640625,0.07172203063964844,0.11204648017883301,0.15098881721496582,0.2566561698913574,0.23198199272155762,0.07182741165161133,0.21620464324951172,0.19184112548828125
Wesley,0.10306096076965332,0.07247018814086914,0.06337499618530273,0.14397358894348145,0.11157464981079102,0.07149434089660645,0.10399103164672852,0.12645435333251953,0.24851131439208984,0.2400374412536621,0.07168221473693848,0.2403254508972168,0.1439192295074463
Wesley,0.08689427375793457,0.0880577564239502,0.08791708946228027,0.11203861236572266,0.05604720115661621,0.07185173034667969,0.09639620780944824,0.11836576461791992,0.2402966022491455,0.3040454387664795,0.08000063896179199,0.20775938034057617,0.13609027862548828
Wesley,0.09537267684936523,0.08029007911682129,0.07172608375549316,0.11137032508850098,0.0797262191772461,0.0710906982421875,0.0877690315246582,0.19106554985046387,0.23200321197509766,0.3040180206298828,0.08799028396606445,0.22452926635742188,0.27202272415161133
Wesley,0.07891631126403809,0.10491132736206055,0.06322813034057617,0.1357588768005371,0.10311675071716309,0.05574655532836914,0.09572935104370117,0.11000871658325195,0.27316999435424805,0.2154827117919922,0.08050990104675293,0.22402429580688477,0.2639925479888916
Wesley,0.09505438804626465,0.08707261085510254,0.08044290542602539,0.11191463470458984,0.072021484375,0.06374478340148926,0.08789968490600586,0.09567046165466309,0.2549405097961426,0.2318875789642334,0.07238650321960449,0.20828485488891602,0.33597421646118164
Wesley,0.09509444236755371,0.07128357887268066,0.09543108940124512,0.09565615653991699,0.11138677597045898,0.05574607849121094,0.11201310157775879,0.1596217155456543,0.15196466445922852,0.27215003967285156,0.039681196212768555,0.24776077270507812,0.1997370719909668
Wesley,0.10300755500793457,0.08832097053527832,0.06357812881469727,0.13570451736450195,0.08757996559143066,0.05572319030761719,0.1112363338470459,0.11859846115112305,0.1929931640625,0.23202776908874512,0.07998847961425781,0.2238626480102539,0.30414772033691406
Wesley,0.09426403045654297,0.08763766288757324,0.08785438537597656,0.11911463737487793,0.08866286277770996,0.0722646713256836,0.10394978523254395,0.09467697143554688,0.22429895401000977,0.22393226623535156,0.06317567825317383,0.20834660530090332,0.1844792366027832
Wesley,0.08783912658691406,0.08625912666320801,0.09608721733093262,0.11961674690246582,0.09592294692993164,0.04708433151245117,0.08043360710144043,0.08819794654846191,0.19872546195983887,0.23968005180358887,0.08834505081176758,0.31217384338378906,0.37546849250793457
Wesley,0.07905340194702148,0.0967855453491211,0.1118929386138916,0.1270885467529297,0.1037759780883789,0.0637974739074707,0.09594154357910156,0.09432435035705566,0.22487616539001465,0.23200035095214844,0.07131433486938477,0.22465205192565918,0.2239985466003418
Wesley,0.11860442161560059,0.06356596946716309,0.08783459663391113,0.11935901641845703,0.1038823127746582,0.07979702949523926,0.10465788841247559,0.13518834114074707,0.2638547420501709,0.264387845993042,0.07187938690185547,0.22375917434692383,0.1916952133178711
Wesley,0.11855411529541016,0.07998514175415039,0.08792591094970703,0.11110353469848633,0.07123422622680664,0.0557248592376709,0.11978578567504883,0.1189572811126709,0.22430109977722168,0.31206822395324707,0.07985544204711914,0.27147531509399414,0.16866087913513184
Wesley,0.11052608489990234,0.10457134246826172,0.08028078079223633,0.12763023376464844,0.0790553092956543,0.10335803031921387,0.09590935707092285,0.12634873390197754,0.2403099536895752,0.263993501663208,0.08853363990783691,0.4399831295013428,0.2720012664794922
Wesley,0.11177611351013184,0.07936501502990723,0.08797407150268555,0.1272737979888916,0.10363578796386719,0.09535741806030273,0.0962209701538086,0.11203145980834961,0.22289633750915527,0.23246049880981445,0.08788514137268066,0.21627354621887207,0.18352723121643066
Wesley,0.10431385040283203,0.11116695404052734,0.08804535865783691,0.1351943016052246,0.0952463150024414,0.0712285041809082,0.12849974632263184,0.10468268394470215,0.2870512008666992,0.2322230339050293,0.06380057334899902,0.27219128608703613,0.19942188262939453
Wesley,0.11870884895324707,0.1038823127746582,0.07135343551635742,0.13513445854187012,0.07975649833679199,0.07923197746276855,0.09588098526000977,0.10326123237609863,0.24861574172973633,0.22400689125061035,0.08737802505493164,0.22464585304260254,0.15949726104736328
Wesley,0.14294815063476562,0.08802103996276855,0.09591937065124512,0.12776923179626465,0.08749699592590332,0.055130958557128906,0.10393381118774414,0.14334964752197266,0.20026063919067383,0.2553393840789795,0.08046817779541016,0.22416138648986816,0.1838696002960205
Wesley,0.0875101089477539,0.08028244972229004,0.08785796165466309,0.127394437789917,0.09514594078063965,0.03958773612976074,0.1037440299987793,0.12667346000671387,0.21640586853027344,0.2958381175994873,0.10465097427368164,0.2555112838745117,0.13598251342773438
Lilia,0.09792232513427734,0.055878639221191406,0.058223724365234375,0.0718076229095459,0.08392667770385742,0.08939218521118164,0.05636334419250488,0.1555314064025879,0.22220587730407715,0.13005447387695312,0.22017240524291992,0.21813583374023438,0.16970396041870117
Lilia,0.10272550582885742,0.056028127670288086,0.07225823402404785,0.04788661003112793,0.1002798080444336,0.11570215225219727,0.08319711685180664,0.19849896430969238,0.24797391891479492,0.15206241607666016,0.41961121559143066,0.2326669692993164,0.20055651664733887
Lilia,0.10503768920898438,0.06329774856567383,0.09814786911010742,0.071807861328125,0.09236836433410645,0.07940292358398438,0.07205009460449219,0.23366379737854004,0.30971384048461914,0.1859424114227295,0.20355439186096191,0.2370622158050537,0.18320703506469727
Lilia,0.07064580917358398,0.09358096122741699,0.06470704078674316,0.0718069076538086,0.08165836334228516,0.0877373218536377,0.09558701515197754,0.2010045051574707,0.3251357078552246,0.16048264503479004,0.2304847240447998,0.21776294708251953,0.20042753219604492
Lilia,0.09144330024719238,0.07978653907775879,0.08873343467712402,0.06386017799377441,0.0711367130279541,0.09652566909790039,0.07978677749633789,0.2191307544708252,0.30369997024536133,0.16054153442382812,0.2004692554473877,0.19843339920043945,0.1932671070098877
Lilia,0.08590149879455566,0.0720369815826416,0.06480741500854492,0.07183599472045898,0.06783580780029297,0.10230708122253418,0.07975411415100098,0.1976337432861328,0.2957875728607178,0.16051054000854492,0.19559216499328613,0.19793200492858887,0.19010591506958008
Lilia,0.09574317932128906,0.06467509269714355,0.08012580871582031,0.0718071460723877,0.06552505493164062,0.0847477912902832,0.0718374252319336,0.2074742317199707,0.26419830322265625,0.17590117454528809,0.23035955429077148,0.24546527862548828,0.17247867584228516
Lilia,0.08104276657104492,0.08776473999023438,0.0814507007598877,0.06286263465881348,0.04982948303222656,0.05578327178955078,0.055850982666015625,0.1768169403076172,0.2866556644439697,0.12231326103210449,0.24548912048339844,0.20182538032531738,0.15953564643859863
Lilia,0.06615900993347168,0.0718224048614502,0.08227062225341797,0.07981610298156738,0.0435640811920166,0.09084677696228027,0.05582070350646973,0.12199974060058594,0.26175904273986816,0.11415362358093262,0.22081470489501953,0.20058274269104004,0.17064976692199707
Lilia,0.07450747489929199,0.08776545524597168,0.07454752922058105,0.0797882080078125,0.11313343048095703,0.07984161376953125,0.07182121276855469,0.1383662223815918,0.2770223617553711,0.12338662147521973,0.5420694351196289,0.2255861759185791,0.13567852973937988
Lilia,0.10630321502685547,0.08776664733886719,0.08023405075073242,0.0877389907836914,0.16649508476257324,0.08080458641052246,0.07978320121765137,0.2503800392150879,0.29539036750793457,0.13608384132385254,0.2201550006866455,0.33126139640808105,0.14466333389282227
Lilia,0.08099484443664551,0.08077239990234375,0.08172774314880371,0.08679699897766113,0.06549382209777832,0.04801154136657715,0.07263803482055664,0.18471622467041016,0.27055954933166504,0.15450406074523926,0.2297370433807373,0.21751713752746582,0.15123963356018066
Lilia,0.06666040420532227,0.08049511909484863,0.08990812301635742,0.07978367805480957,0.07789969444274902,0.0791022777557373,0.06824159622192383,0.15442562103271484,0.2942476272583008,0.12982392311096191,0.1943950653076172,0.23095488548278809,0.2028491497039795
Lilia,0.10075664520263672,0.07280850410461426,0.09443998336791992,0.08773469924926758,0.05839085578918457,0.09696149826049805,0.05604958534240723,0.1805434226989746,0.2819986343383789,0.14232110977172852,0.22982239723205566,0.18516325950622559,0.2086634635925293
Lilia,0.08605813980102539,0.0638580322265625,0.08906006813049316,0.09351515769958496,0.07289266586303711,0.08893775939941406,0.05518770217895508,0.1738126277923584,0.26274967193603516,0.25138306617736816,0.23690319061279297,0.2316606044769287,0.20162153244018555
Lilia,0.08875179290771484,0.06386351585388184,0.06530261039733887,0.0797872543334961,0.0835568904876709,0.08394026756286621,0.083404541015625,0.18447065353393555,0.30263686180114746,0.13712549209594727,0.20453381538391113,0.24775218963623047,0.18472695350646973
Lilia,0.13436174392700195,0.06479835510253906,0.0787210464477539,0.08828902244567871,0.06702995300292969,0.08326601982116699,0.07312965393066406,0.19009852409362793,0.28931212425231934,0.18272972106933594,0.18916606903076172,0.21538281440734863,0.17902421951293945
Lilia,0.09793710708618164,0.071807861328125,0.07570099830627441,0.07182431221008301,0.06284689903259277,0.08806419372558594,0.04784250259399414,0.19464492797851562,0.2842092514038086,0.139542818069458,0.2172069549560547,0.2148134708404541,0.1758561134338379
Lilia,0.08776545524597168,0.08800697326660156,0.06380987167358398,0.07069230079650879,0.08818578720092773,0.11093807220458984,0.07363128662109375,0.1994774341583252,0.3518545627593994,0.2177870273590088,0.3025381565093994,0.24922442436218262,0.26862215995788574
Lilia,0.1040959358215332,0.07881641387939453,0.07353377342224121,0.08146429061889648,0.09012174606323242,0.09729504585266113,0.07220602035522461,0.18820977210998535,0.38140034675598145,0.18434643745422363,0.23149728775024414,0.24879765510559082,0.201019287109375
Lilia,0.09612488746643066,0.07219672203063965,0.06817841529846191,0.08082056045532227,0.09423494338989258,0.10231566429138184,0.071807861328125,0.2158043384552002,0.2996799945831299,0.13197684288024902,0.21016979217529297,0.24792242050170898,0.17412233352661133
Lilia,0.11169171333312988,0.06382942199707031,0.06496477127075195,0.11187577247619629,0.0718071460723877,0.08864808082580566,0.07217001914978027,0.22339296340942383,0.2958047389984131,0.15272784233093262,0.28763842582702637,0.23963665962219238,0.21630597114562988
Lilia,0.10188722610473633,0.13013505935668945,0.07415175437927246,0.10371828079223633,0.10965895652770996,0.0963585376739502,0.07277488708496094,0.3343315124511719,0.32573866844177246,0.16992878913879395,0.26638078689575195,0.26930761337280273,0.1761467456817627
Lilia,0.10057330131530762,0.0718069076538086,0.05027127265930176,0.06428670883178711,0.10039210319519043,0.08422136306762695,0.0670173168182373,0.13310623168945312,0.22939848899841309,0.12204742431640625,0.16481971740722656,0.21526074409484863,0.1848430633544922
Lilia,0.07982134819030762,0.06383204460144043,0.08330345153808594,0.08876371383666992,0.10976219177246094,0.10098481178283691,0.10181021690368652,0.12768769264221191,0.28465819358825684,0.16308975219726562,0.17860126495361328,0.21602272987365723,0.1495990753173828
Wesley,0.1255474090576172,0.07277822494506836,0.10121583938598633,0.13266229629516602,0.10468721389770508,0.09615588188171387,0.0801231861114502,0.17324447631835938,0.18633508682250977,0.24893522262573242,0.07684612274169922,0.20821809768676758,0.1999666690826416
Wesley,0.1152353286743164,0.07280516624450684,0.07196259498596191,0.12975168228149414,0.10469865798950195,0.07616519927978516,0.06956911087036133,0.155775785446167,0.1922898292541504,0.21393585205078125,0.06595349311828613,0.2201223373413086,0.23050546646118164
Wesley,0.09525179862976074,0.07277894020080566,0.0718073844909668,0.11170339584350586,0.10375380516052246,0.0579226016998291,0.08824396133422852,0.13514208793640137,0.16057372093200684,0.2401888370513916,0.039893388748168945,0.23018670082092285,0.21296072006225586
Wesley,0.10811734199523926,0.07978653907775879,0.07756781578063965,0.11812329292297363,0.07192254066467285,0.0669858455657959,0.09219694137573242,0.16388392448425293,0.17842555046081543,0.23163485527038574,0.08607792854309082,0.1970515251159668,0.19872379302978516
Wesley,0.1095738410949707,0.0718080997467041,0.07277655601501465,0.1326131820678711,0.09575009346008301,0.07277536392211914,0.08053374290466309,0.14983844757080078,0.17552804946899414,0.2038893699645996,0.08473372459411621,0.20745182037353516,0.16014695167541504
Wesley,0.11484622955322266,0.09571266174316406,0.11696386337280273,0.12164688110351562,0.09577393531799316,0.06993579864501953,0.0887901782989502,0.1658613681793213,0.1819920539855957,0.2646052837371826,0.06578350067138672,0.21788525581359863,0.21323418617248535
Wesley,0.09868288040161133,0.0558474063873291,0.08753442764282227,0.10616636276245117,0.08047699928283691,0.031915903091430664,0.1012411117553711,0.146559476852417,0.14461088180541992,0.23714780807495117,0.08255314826965332,0.2239236831665039,0.1450519561767578
Wesley,0.09963178634643555,0.0718076229095459,0.10030364990234375,0.14992117881774902,0.07905459403991699,0.07330179214477539,0.06340932846069336,0.1481480598449707,0.18557381629943848,0.23221802711486816,0.11873984336853027,0.2137913703918457,0.1615138053894043
Wesley,0.08600902557373047,0.07978630065917969,0.10218977928161621,0.11742401123046875,0.08365535736083984,0.08247613906860352,0.09842538833618164,0.14185762405395508,0.22084426879882812,0.26612377166748047,0.11742401123046875,0.18512582778930664,0.19955873489379883
Wesley,0.08222174644470215,0.08039188385009766,0.09651589393615723,0.14706778526306152,0.1042180061340332,0.10069751739501953,0.10249519348144531,0.15402746200561523,0.15220069885253906,0.2214806079864502,0.09871053695678711,0.25089526176452637,0.16550469398498535
Wesley,0.11168909072875977,0.07978320121765137,0.07981753349304199,0.13908100128173828,0.07143235206604004,0.08443069458007812,0.08859515190124512,0.15237832069396973,0.1605370044708252,0.22825002670288086,0.11555099487304688,0.2036590576171875,0.15579891204833984
Wesley,0.1082909107208252,0.08749818801879883,0.08045339584350586,0.12429666519165039,0.08746337890625,0.07088732719421387,0.10651040077209473,0.15297269821166992,0.19970989227294922,0.23562192916870117,0.09268403053283691,0.20854830741882324,0.127701997756958
Wesley,0.09908771514892578,0.06385183334350586,0.10203313827514648,0.15097308158874512,0.06161046028137207,0.03179931640625,0.11758637428283691,0.13898897171020508,0.19294452667236328,0.24988603591918945,0.15097308158874512,0.21430277824401855,0.1186370849609375
Wesley,0.07954144477844238,0.07165169715881348,0.10219955444335938,0.14403223991394043,0.08021378517150879,0.06585693359375,0.07277560234069824,0.1362917423248291,0.17745232582092285,0.2538282871246338,0.10468935966491699,0.22196006774902344,0.13738083839416504
Wesley,0.12437105178833008,0.08687162399291992,0.09877538681030273,0.14162325859069824,0.08776545524597168,0.07205796241760254,0.10215568542480469,0.14029932022094727,0.18691110610961914,0.2476198673248291,0.1017301082611084,0.23184633255004883,0.1995406150817871
Wesley,0.12300395965576172,0.0790567398071289,0.05585050582885742,0.14803266525268555,0.08449578285217285,0.036154747009277344,0.10892176628112793,0.16046547889709473,0.24797916412353516,0.2281506061553955,0.12035298347473145,0.2316117286682129,0.1506514549255371
Wesley,0.11919045448303223,0.11029672622680664,0.09482645988464355,0.1274733543395996,0.07969999313354492,0.06665539741516113,0.09574437141418457,0.1586902141571045,0.16791081428527832,0.2566254138946533,0.08766603469848633,0.21344494819641113,0.13048458099365234
Wesley,0.10373711585998535,0.07978940010070801,0.07234311103820801,0.12541675567626953,0.08037519454956055,0.07205033302307129,0.10877156257629395,0.1548151969909668,0.17592215538024902,0.21874356269836426,0.09291338920593262,0.22398924827575684,0.17140674591064453
Wesley,0.11109471321105957,0.0797882080078125,0.08023810386657715,0.14355182647705078,0.09659767150878906,0.026079893112182617,0.11507105827331543,0.1683964729309082,0.19160223007202148,0.22483110427856445,0.09483146667480469,0.2629084587097168,0.26329779624938965
Wesley,0.11030983924865723,0.08684515953063965,0.08763694763183594,0.15877985954284668,0.08905673027038574,0.07180905342102051,0.11721444129943848,0.15801453590393066,0.1759631633758545,0.20928716659545898,0.11762714385986328,0.20949339866638184,0.17334651947021484
Wesley,0.10820984840393066,0.08779406547546387,0.09630298614501953,0.1374216079711914,0.09876632690429688,0.0685267448425293,0.09629511833190918,0.13197922706604004,0.18360185623168945,0.23096513748168945,0.08648443222045898,0.24649834632873535,0.15632414817810059
Wesley,0.10090136528015137,0.08075118064880371,0.09452176094055176,0.11785602569580078,0.08056831359863281,0.07390904426574707,0.12012839317321777,0.17239952087402344,0.16996192932128906,0.23154687881469727,0.11785602569580078,0.2152082920074463,0.16970229148864746
Wesley,0.11649012565612793,0.0797874927520752,0.08159589767456055,0.16164565086364746,0.08432626724243164,0.10098147392272949,0.09482216835021973,0.18128299713134766,0.16603541374206543,0.23206377029418945,0.11721420288085938,0.19730639457702637,0.1585679054260254
Wesley,0.09282827377319336,0.08876228332519531,0.08075451850891113,0.1465926170349121,0.10436630249023438,0.10073614120483398,0.10372328758239746,0.15146493911743164,0.15995359420776367,0.19792461395263672,0.09803366661071777,0.21787238121032715,0.19043803215026855
Wesley,0.10940384864807129,0.08755660057067871,0.07590627670288086,0.13533568382263184,0.07089543342590332,0.08314871788024902,0.08251404762268066,0.14006876945495605,0.12879610061645508,0.190871000289917,0.06444025039672852,0.18739938735961914,0.11636161804199219
Madu,0.12037920951843262,0.08261656761169434,0.09703946113586426,0.11351847648620605,0.10592055320739746,0.10970211029052734,0.10379219055175781,0.17833924293518066,0.5700886249542236,0.12078309059143066,0.2240886688232422,0.2052297592163086,0.18542122840881348
Madu,0.1090233325958252,0.09984993934631348,0.08441781997680664,0.10933160781860352,0.08542180061340332,0.09495210647583008,0.10006451606750488,0.12408924102783203,0.37502336502075195,0.06844520568847656,0.19780826568603516,0.18735218048095703,0.21262741088867188
Madu,0.11883783340454102,0.08952975273132324,0.0927734375,0.10290694236755371,0.09605908393859863,0.0888054370880127,0.10183882713317871,0.15520787239074707,0.39498400688171387,0.0986332893371582,0.19810843467712402,0.1998598575592041,0.21819686889648438
Madu,0.09393858909606934,0.0906367301940918,0.08819818496704102,0.09790372848510742,0.08510518074035645,0.08144879341125488,0.10090994834899902,0.1164693832397461,0.30473828315734863,0.10862541198730469,0.22473716735839844,0.19947147369384766,0.177659273147583
Madu,0.08781719207763672,0.08190226554870605,0.09935903549194336,0.1010136604309082,0.08887124061584473,0.07203340530395508,0.10012078285217285,0.17247843742370605,1.1207671165466309,0.13496875762939453,0.20149803161621094,0.2006511688232422,0.2161574363708496
Madu,0.09322929382324219,0.11085152626037598,0.08732104301452637,0.0911562442779541,0.08988690376281738,0.07960033416748047,0.09524035453796387,0.13018250465393066,0.5850999355316162,0.12648248672485352,0.1889503002166748,0.2041792869567871,0.32150816917419434
Madu,0.08880400657653809,0.07790231704711914,0.09004998207092285,0.1043388843536377,0.09873628616333008,0.0966942310333252,0.11506438255310059,0.12364983558654785,0.24983477592468262,0.0838921070098877,0.19081521034240723,0.19618964195251465,0.17667436599731445
Madu,0.09672427177429199,0.0915834903717041,0.09188532829284668,0.12266182899475098,0.10242557525634766,0.0979921817779541,0.09494328498840332,0.1404721736907959,0.3351912498474121,0.0666511058807373,0.21157455444335938,0.19289183616638184,0.2409508228302002
Madu,0.11492133140563965,0.10015273094177246,0.09103560447692871,0.08109259605407715,0.09576630592346191,0.0861063003540039,0.09638833999633789,0.1327664852142334,0.46276426315307617,0.10622620582580566,0.17272734642028809,0.19010233879089355,0.3141932487487793
Madu,0.0904240608215332,0.08129429817199707,0.09199357032775879,0.09801626205444336,0.09122586250305176,0.09096527099609375,0.09393477439880371,0.09223723411560059,0.30176877975463867,0.10492157936096191,0.19986653327941895,0.1730940341949463,0.2792782783508301
Madu,0.10511183738708496,0.08160543441772461,0.09852719306945801,0.0955972671508789,0.0887000560760498,0.0842444896697998,0.09472084045410156,0.1427602767944336,0.35552048683166504,0.11436319351196289,0.18918991088867188,0.18901705741882324,0.26532649993896484
Madu,0.11123085021972656,0.09774279594421387,0.09923410415649414,0.11734127998352051,0.09841203689575195,0.08226609230041504,0.0908975601196289,0.13611102104187012,0.3892393112182617,0.08883833885192871,0.2129209041595459,0.1919536590576172,0.3133659362792969
Madu,0.0907738208770752,0.08179020881652832,0.09844207763671875,0.09554457664489746,0.09261083602905273,0.09494638442993164,0.08586263656616211,0.08260297775268555,0.2878894805908203,0.09245133399963379,0.1804215908050537,0.20215415954589844,0.2885301113128662
Madu,0.08491182327270508,0.08901643753051758,0.09442591667175293,0.10790181159973145,0.09739470481872559,0.09113550186157227,0.09138369560241699,0.06789445877075195,0.31424856185913086,0.08846855163574219,0.19142365455627441,0.20772528648376465,0.3043534755706787
Madu,0.08706474304199219,0.08873391151428223,0.08486747741699219,0.12145161628723145,0.09838318824768066,0.09547185897827148,0.10033726692199707,0.09398555755615234,0.3055124282836914,0.09513425827026367,0.19114446640014648,0.19247198104858398,0.3255035877227783
Madu,0.10855507850646973,0.08391785621643066,0.08186483383178711,0.12187409400939941,0.09551763534545898,0.08721470832824707,0.09360790252685547,0.08880424499511719,0.33705687522888184,0.0697011947631836,0.1894068717956543,0.18482041358947754,0.25405359268188477
Madu,0.09409332275390625,0.0978243350982666,0.09479188919067383,0.11161589622497559,0.08359789848327637,0.07814407348632812,0.0957956314086914,0.13660001754760742,0.46234893798828125,0.08223414421081543,0.20224475860595703,0.1748034954071045,0.35831642150878906
Madu,0.09033417701721191,0.08374762535095215,0.08672714233398438,0.09883475303649902,0.07877826690673828,0.08937191963195801,0.07424592971801758,0.1543433666229248,0.562434196472168,0.1460106372833252,0.19785785675048828,0.17920470237731934,0.3703603744506836
Madu,0.10122942924499512,0.07625579833984375,0.10402774810791016,0.05740690231323242,0.08861088752746582,0.09977483749389648,0.08536005020141602,0.08572769165039062,0.6929407119750977,0.19057989120483398,0.19770026206970215,0.28689098358154297,0.23919963836669922
Madu,0.09839725494384766,0.08975338935852051,0.08942461013793945,0.09769964218139648,0.09119439125061035,0.0845038890838623,0.08794784545898438,0.12426471710205078,0.29552173614501953,0.09686613082885742,0.18479323387145996,0.17028164863586426,0.3013741970062256
Madu,0.08627772331237793,0.07957863807678223,0.095428466796875,0.10077905654907227,0.08593082427978516,0.08484601974487305,0.08446526527404785,0.11014223098754883,0.30754804611206055,0.08720231056213379,0.18646502494812012,0.17209672927856445,0.40862345695495605
Madu,0.10849833488464355,0.09566283226013184,0.09209299087524414,0.10792779922485352,0.09255480766296387,0.08818364143371582,0.09161019325256348,0.09885263442993164,0.3874039649963379,0.08916330337524414,0.17533206939697266,0.18869352340698242,0.2541639804840088
Madu,0.10103416442871094,0.08359599113464355,0.09206700325012207,0.1015157699584961,0.10791182518005371,0.10717129707336426,0.0975034236907959,0.10474443435668945,0.28795695304870605,0.09147024154663086,0.1761486530303955,0.19649481773376465,0.2414684295654297
Madu,0.10915184020996094,0.08548879623413086,0.0947885513305664,0.10114312171936035,0.10449886322021484,0.09923744201660156,0.0834660530090332,0.13326621055603027,0.3418550491333008,0.1059122085571289,0.18771147727966309,0.185654878616333,0.33110833168029785
Madu,0.11655926704406738,0.07597684860229492,0.0858774185180664,0.10091090202331543,0.09810566902160645,0.09773826599121094,0.08823776245117188,0.1201181411743164,0.4277689456939697,0.11586976051330566,0.18569183349609375,0.18822026252746582,0.32956480979919434
Madu,0.11407208442687988,0.10074949264526367,0.08790159225463867,0.12184596061706543,0.0983285903930664,0.0914773941040039,0.08159780502319336,0.13446760177612305,0.366351842880249,0.08438515663146973,0.19219660758972168,0.20187664031982422,0.27173686027526855
Madu,0.09363126754760742,0.09452056884765625,0.08703756332397461,0.1181328296661377,0.08477139472961426,0.08795404434204102,0.09154367446899414,0.12896299362182617,0.4524238109588623,0.09656023979187012,0.20538711547851562,0.17987871170043945,0.31801748275756836
Madu,0.10671687126159668,0.09792256355285645,0.09131884574890137,0.10553979873657227,0.09790992736816406,0.09185481071472168,0.10153555870056152,0.09909582138061523,0.3701615333557129,0.09883975982666016,0.18332839012145996,0.18544936180114746,0.26898908615112305
Madu,0.09765791893005371,0.08801889419555664,0.0837404727935791,0.09330296516418457,0.08994102478027344,0.09421467781066895,0.1014411449432373,0.13033103942871094,0.3247532844543457,0.09511423110961914,0.18051481246948242,0.1900463104248047,0.27805161476135254
Madu,0.09144759178161621,0.08814764022827148,0.08704137802124023,0.0993192195892334,0.08225750923156738,0.08628273010253906,0.08052968978881836,0.09817767143249512,0.40258169174194336,0.10922741889953613,0.19461607933044434,0.17972755432128906,0.32312750816345215
Madu,0.1032857894897461,0.09901833534240723,0.09108757972717285,0.0963139533996582,0.08944845199584961,0.09375882148742676,0.09856820106506348,0.12227606773376465,0.43438291549682617,0.08817768096923828,0.19632935523986816,0.18253040313720703,0.24613595008850098
Madu,0.0905449390411377,0.0881352424621582,0.0841665267944336,0.09636497497558594,0.08925223350524902,0.08488702774047852,0.08990788459777832,0.22265410423278809,0.3254072666168213,0.09493112564086914,0.19467902183532715,0.19517087936401367,0.2888822555541992
Madu,0.0991353988647461,0.0877223014831543,0.08841967582702637,0.10281658172607422,0.08538198471069336,0.09467554092407227,0.08421659469604492,0.16595149040222168,0.32768893241882324,0.10444450378417969,0.1935138702392578,0.18585658073425293,0.360393762588501
Madu,0.10259819030761719,0.08847379684448242,0.08740568161010742,0.09787678718566895,0.09062504768371582,0.0850834846496582,0.08872079849243164,0.11902046203613281,0.33041954040527344,0.10085558891296387,0.1776425838470459,0.1942310333251953,0.25586724281311035
Madu,0.0951082706451416,0.08737421035766602,0.08665871620178223,0.10316061973571777,0.10029339790344238,0.08571362495422363,0.0827932357788086,0.10379910469055176,0.3381521701812744,0.0725557804107666,0.18931889533996582,0.18573546409606934,0.28333449363708496
Madu,0.09764790534973145,0.08881926536560059,0.08583831787109375,0.09975337982177734,0.08907699584960938,0.08574104309082031,0.08736705780029297,0.13524842262268066,0.3689544200897217,0.0969228744506836,0.19495391845703125,0.19450736045837402,0.2786571979522705
Madu,0.09657144546508789,0.06929588317871094,0.09290623664855957,0.10158848762512207,0.08885025978088379,0.08818340301513672,0.08421540260314941,0.09368300437927246,0.2665832042694092,0.08519530296325684,0.182234525680542,0.18045568466186523,0.29166436195373535
Madu,0.09365224838256836,0.08830142021179199,0.07690167427062988,0.107696533203125,0.09812545776367188,0.09311056137084961,0.09156012535095215,0.08722543716430664,0.4930717945098877,0.07474923133850098,0.19329333305358887,0.19093751907348633,0.27298688888549805
Madu,0.10028409957885742,0.08172869682312012,0.08454155921936035,0.11402320861816406,0.09261131286621094,0.09402012825012207,0.09193849563598633,0.09083366394042969,0.3280296325683594,0.0923166275024414,0.18776226043701172,0.1871347427368164,0.26360464096069336
Madu,0.09766077995300293,0.08839058876037598,0.08582878112792969,0.10187339782714844,0.08216547966003418,0.09736347198486328,0.09445023536682129,0.10177183151245117,0.263016939163208,0.06846404075622559,0.18733954429626465,0.1808607578277588,0.28740930557250977
Madu,0.10178709030151367,0.12733888626098633,0.08757734298706055,0.09130430221557617,0.0951087474822998,0.09462785720825195,0.08987975120544434,0.34529781341552734,0.6793899536132812,0.10877299308776855,0.18273138999938965,0.17795324325561523,0.313892126083374
Madu,0.1011495590209961,0.08766055107116699,0.09857511520385742,0.11209225654602051,0.10089612007141113,0.09834575653076172,0.08500361442565918,0.15748357772827148,0.39208483695983887,0.0952003002166748,0.194077730178833,0.18166732788085938,0.403409481048584
Madu,0.0891411304473877,0.08793759346008301,0.09160137176513672,0.0948946475982666,0.08240175247192383,0.08162665367126465,0.08594727516174316,0.10987210273742676,0.332244873046875,0.11254382133483887,0.19815731048583984,0.17996597290039062,0.24807119369506836
Madu,0.08803367614746094,0.09120631217956543,0.08876419067382812,0.11088848114013672,0.09474658966064453,0.09299826622009277,0.08213162422180176,0.14809584617614746,0.35826826095581055,0.08246040344238281,0.18973851203918457,0.19838547706604004,0.3341398239135742
Madu,0.10529375076293945,0.09036827087402344,0.08534455299377441,0.09552955627441406,0.09271836280822754,0.08996129035949707,0.08033561706542969,0.12509393692016602,0.3725099563598633,0.12688469886779785,0.18079066276550293,0.1791548728942871,0.42610979080200195
Madu,0.07913804054260254,0.07949352264404297,0.08944821357727051,0.0989384651184082,0.0802912712097168,0.08439159393310547,0.09441137313842773,0.11851739883422852,1.0747473239898682,0.12241983413696289,0.20563721656799316,0.17688679695129395,0.27489256858825684
Madu,0.10197210311889648,0.08216285705566406,0.09102487564086914,0.09480047225952148,0.09763669967651367,0.09595751762390137,0.09185791015625,0.1517632007598877,0.3136122226715088,0.09735393524169922,0.1841113567352295,0.2098548412322998,0.2696499824523926
Madu,0.10141515731811523,0.09180974960327148,0.0959935188293457,0.10171318054199219,0.09235477447509766,0.08270764350891113,0.09123039245605469,0.1659102439880371,0.34781455993652344,0.11479949951171875,0.19645071029663086,0.18131279945373535,0.27996015548706055
Madu,0.0956265926361084,0.08088278770446777,0.08810639381408691,0.09779214859008789,0.09165310859680176,0.0913393497467041,0.0851430892944336,0.10326743125915527,0.3087735176086426,0.09209942817687988,0.18955683708190918,0.19501757621765137,0.2882828712463379
Madu,0.07740449905395508,0.08171248435974121,0.09095001220703125,0.0978860855102539,0.08856844902038574,0.08866381645202637,0.09314608573913574,0.10799622535705566,0.312333345413208,0.11234402656555176,0.18553900718688965,0.19240260124206543,0.31688714027404785
Madu,0.0944526195526123,0.08602213859558105,0.08473992347717285,0.09516239166259766,0.08476853370666504,0.08530163764953613,0.08760356903076172,0.16009306907653809,0.3583395481109619,0.0977635383605957,0.19664359092712402,0.18499183654785156,0.24757885932922363
Madu,0.09623408317565918,0.10376739501953125,0.08435535430908203,0.09346628189086914,0.0898141860961914,0.08062291145324707,0.10051083564758301,0.11229681968688965,0.8412551879882812,0.11318206787109375,0.17456650733947754,0.18753314018249512,0.24494576454162598
Madu,0.10577869415283203,0.08568763732910156,0.08710122108459473,0.09523630142211914,0.09200835227966309,0.08553671836853027,0.0884242057800293,0.11612606048583984,0.7000777721405029,0.11435437202453613,0.1824815273284912,0.17835021018981934,0.30159807205200195
Madu,0.09300088882446289,0.08814048767089844,0.0935811996459961,0.10822367668151855,0.10087990760803223,0.08406209945678711,0.07536959648132324,0.14610981941223145,0.3065216541290283,0.2625236511230469,0.39130568504333496,0.22832894325256348,0.3370625972747803
Madu,0.09643888473510742,0.07795000076293945,0.0878446102142334,0.09111881256103516,0.08483576774597168,0.08843493461608887,0.08946681022644043,0.1114053726196289,0.49503445625305176,0.10264015197753906,0.1879281997680664,0.18755125999450684,0.32511019706726074
Madu,0.10676956176757812,0.10384058952331543,0.08631610870361328,0.10467386245727539,0.09723496437072754,0.08515787124633789,0.09633898735046387,0.1363542079925537,0.3858218193054199,0.11131095886230469,0.18791675567626953,0.19432377815246582,0.32605433464050293
Madu,0.09255814552307129,0.0857093334197998,0.08463239669799805,0.11192440986633301,0.08261370658874512,0.09188628196716309,0.07941699028015137,0.10886216163635254,0.3821096420288086,0.12773728370666504,0.18992376327514648,0.17890119552612305,0.41967010498046875
Madu,0.0899200439453125,0.08761143684387207,0.0951087474822998,0.10376501083374023,0.09243345260620117,0.0941474437713623,0.08814787864685059,0.08689379692077637,0.3237490653991699,0.08969736099243164,0.18948984146118164,0.1813807487487793,0.2901649475097656
Madu,0.08658218383789062,0.08971095085144043,0.08416938781738281,0.10772204399108887,0.08314990997314453,0.08171749114990234,0.08157134056091309,0.11016702651977539,0.31978940963745117,0.09527063369750977,0.19563722610473633,0.18229269981384277,0.3475477695465088
Madu,0.08787178993225098,0.07917332649230957,0.10104966163635254,0.10491561889648438,0.09233546257019043,0.09149885177612305,0.0847632884979248,0.11295366287231445,0.3627591133117676,0.11112141609191895,0.18920135498046875,0.19758057594299316,0.3441176414489746
Madu,0.08917379379272461,0.08668875694274902,0.08082771301269531,0.09920811653137207,0.08892607688903809,0.08852481842041016,0.08483076095581055,0.11285948753356934,0.33604884147644043,0.09801626205444336,0.1746671199798584,0.19062542915344238,0.2979557514190674
Madu,0.07882356643676758,0.08996844291687012,0.07991790771484375,0.1036686897277832,0.08858275413513184,0.08844542503356934,0.0848536491394043,0.22216224670410156,0.4064767360687256,0.11237263679504395,0.1877124309539795,0.18674230575561523,0.3286449909210205
Madu,0.08438277244567871,0.08303284645080566,0.08762001991271973,0.10799503326416016,0.08717799186706543,0.09798383712768555,0.09014248847961426,0.13829755783081055,0.35901403427124023,0.12328696250915527,0.20633983612060547,0.1866753101348877,0.32390379905700684
Madu,0.08764839172363281,0.10967278480529785,0.11033153533935547,0.10056018829345703,0.10921502113342285,0.10494542121887207,0.13088393211364746,0.425534725189209,0.6367168426513672,0.49376344680786133,0.45239758491516113,0.5073378086090088,0.5455513000488281
Madu,0.1234896183013916,0.16446304321289062,0.15630412101745605,0.15337562561035156,0.17322826385498047,0.13560962677001953,0.1648871898651123,3.166522741317749,1.701570749282837,1.724804401397705,1.3644509315490723,1.1464166641235352,1.2991201877593994
Madu,0.09878087043762207,0.08489060401916504,0.09760594367980957,0.10754632949829102,0.08965158462524414,0.09991073608398438,0.1054234504699707,0.24320530891418457,2.6741182804107666,0.2549114227294922,0.26022958755493164,0.27019786834716797,1.2278659343719482
Madu,0.1187448501586914,0.10804390907287598,0.11351561546325684,0.10222005844116211,0.10457515716552734,0.10853004455566406,0.11266946792602539,1.8235020637512207,0.7764866352081299,0.5836091041564941,0.23056697845458984,0.19589781761169434,0.5204668045043945
Madu,0.10334205627441406,0.09389472007751465,0.08792376518249512,0.0963888168334961,0.10000419616699219,0.08775758743286133,0.08852887153625488,0.11951255798339844,0.27749180793762207,0.08576655387878418,0.1914064884185791,0.18852758407592773,0.23096251487731934
Madu,0.10130095481872559,0.08196353912353516,0.08921027183532715,0.09943938255310059,0.09221553802490234,0.09079623222351074,0.1010584831237793,0.17411589622497559,0.3776700496673584,0.08973836898803711,0.17662286758422852,0.18529582023620605,0.23862218856811523
Madu,0.09520292282104492,0.0941615104675293,0.0842735767364502,0.0992119312286377,0.09499335289001465,0.0882561206817627,0.08958935737609863,0.13501763343811035,0.7667810916900635,0.11348176002502441,0.17323637008666992,0.19433164596557617,0.30603623390197754
Madu,0.10009527206420898,0.08306050300598145,0.09599018096923828,0.10119819641113281,0.0952455997467041,0.0940256118774414,0.09653830528259277,0.15578198432922363,0.30616331100463867,0.11894655227661133,0.17672443389892578,0.17403149604797363,0.3020155429840088
Madu,0.0888051986694336,0.09105873107910156,0.09105110168457031,0.11526370048522949,0.08155393600463867,0.09258127212524414,0.0872042179107666,0.10162353515625,0.3241744041442871,0.07206058502197266,0.22848868370056152,0.16529536247253418,0.29912590980529785
Madu,0.12511181831359863,0.09619832038879395,0.11092948913574219,0.11021089553833008,0.11493873596191406,0.10604453086853027,0.1412217617034912,0.7967610359191895,1.0657532215118408,1.3265244960784912,0.7658705711364746,0.5241730213165283,0.6726789474487305
Madu,0.09328079223632812,0.10985612869262695,0.10415816307067871,0.10370635986328125,0.10353851318359375,0.11627745628356934,0.149444580078125,0.34906983375549316,0.8580403327941895,0.6723241806030273,1.0517199039459229,0.4144120216369629,0.7684445381164551
Madu,0.10379552841186523,0.15275788307189941,0.10340118408203125,0.10808658599853516,0.11065983772277832,0.12574982643127441,0.14728093147277832,0.30802130699157715,0.5268683433532715,0.526191234588623,0.37186503410339355,0.40407896041870117,0.27439188957214355
Madu,0.0928642749786377,0.051767826080322266,0.08845090866088867,0.09434962272644043,0.08886456489562988,0.08508038520812988,0.08972620964050293,0.11197614669799805,0.2674884796142578,0.08926892280578613,0.18091034889221191,0.18738389015197754,0.19625616073608398
Madu,0.10012340545654297,0.09206843376159668,0.09355545043945312,0.10981488227844238,0.08810663223266602,0.09162378311157227,0.09352231025695801,0.13192486763000488,0.8510951995849609,0.08050680160522461,0.17537736892700195,0.18202447891235352,0.26811957359313965
Madu,0.10205793380737305,0.07610106468200684,0.0859231948852539,0.103851318359375,0.09052824974060059,0.0879058837890625,0.0919957160949707,0.10556840896606445,0.2722477912902832,0.08200335502624512,0.18831753730773926,0.18644332885742188,0.20563507080078125
Madu,0.08681344985961914,0.08774042129516602,0.08857250213623047,0.10126876831054688,0.08071470260620117,0.07889819145202637,0.0886375904083252,0.07662010192871094,0.3205087184906006,0.07528257369995117,0.1932826042175293,0.17810654640197754,0.1947946548461914
Madu,0.0902857780456543,0.0815887451171875,0.08573007583618164,0.08371496200561523,0.09384036064147949,0.08590984344482422,0.0907742977142334,0.1480391025543213,0.3372492790222168,0.12015271186828613,0.18964743614196777,0.19100308418273926,0.2524454593658447
Madu,0.0863962173461914,0.07581305503845215,0.08355832099914551,0.09158730506896973,0.09526276588439941,0.08730697631835938,0.09874796867370605,0.07378101348876953,0.31386828422546387,0.09520316123962402,0.1835780143737793,0.17773675918579102,0.1919112205505371
Madu,0.09322977066040039,0.09032011032104492,0.09473776817321777,0.098236083984375,0.0887916088104248,0.08199834823608398,0.0912165641784668,0.10570549964904785,0.2963094711303711,0.09192609786987305,0.20115232467651367,0.17893743515014648,0.23310589790344238
Madu,0.10132884979248047,0.08211088180541992,0.0970003604888916,0.09938645362854004,0.08653426170349121,0.08145761489868164,0.09300804138183594,0.15374517440795898,0.3109581470489502,0.07144951820373535,0.1918468475341797,0.19041061401367188,0.3084535598754883
Madu,0.07855582237243652,0.0864260196685791,0.08753395080566406,0.09613513946533203,0.07701301574707031,0.08850526809692383,0.09762811660766602,0.11580228805541992,0.5836918354034424,0.09853029251098633,0.1909639835357666,0.1677238941192627,0.2294168472290039
Madu,0.07184982299804688,0.08484673500061035,0.09282040596008301,0.08509707450866699,0.08550739288330078,0.09396219253540039,0.10099959373474121,0.08162999153137207,0.3271827697753906,0.08678960800170898,0.17960214614868164,0.17466163635253906,0.28358888626098633
Madu,0.09533047676086426,0.08492922782897949,0.09154582023620605,0.08197355270385742,0.08878564834594727,0.09795856475830078,0.09940433502197266,0.12968826293945312,0.34853553771972656,0.08784723281860352,0.19167256355285645,0.1654813289642334,0.2564973831176758
Madu,0.06961584091186523,0.07177305221557617,0.08701920509338379,0.0939488410949707,0.1011962890625,0.08469033241271973,0.08722996711730957,0.16327118873596191,0.35381007194519043,0.15497493743896484,0.2850606441497803,0.2663755416870117,7.12183690071106
Madu,0.09778523445129395,0.07171368598937988,0.08596539497375488,0.1100313663482666,0.0903770923614502,0.08797931671142578,0.12440347671508789,0.13687396049499512,0.2890005111694336,0.16037845611572266,0.2014474868774414,0.22449493408203125,0.2438807487487793
Madu,0.0856482982635498,0.09770727157592773,0.09038472175598145,0.09087133407592773,0.08196568489074707,0.08482980728149414,0.09942865371704102,0.2139897346496582,0.3964669704437256,0.3944358825683594,0.23023247718811035,0.21952033042907715,0.21360158920288086
Madu,0.09272909164428711,0.09775948524475098,0.10547566413879395,0.09784960746765137,0.09757351875305176,0.09817314147949219,0.1115415096282959,0.155869722366333,0.762883186340332,0.17630696296691895,0.20477604866027832,0.23349785804748535,0.2628624439239502
Madu,0.11021041870117188,0.10866284370422363,0.10518383979797363,0.09792947769165039,0.07730698585510254,0.0928642749786377,0.11442828178405762,0.1978600025177002,0.3087122440338135,0.2347714900970459,0.20354509353637695,0.20173192024230957,0.21404051780700684
Madu,0.11557316780090332,0.10406899452209473,0.09822535514831543,0.13263559341430664,0.11218476295471191,0.11267948150634766,0.1245567798614502,0.1671597957611084,0.32527637481689453,0.10458993911743164,0.25641727447509766,0.24205565452575684,0.23781299591064453
Madu,0.10875201225280762,0.09782552719116211,0.09222173690795898,0.11056780815124512,0.0848534107208252,0.10527300834655762,0.11435079574584961,0.14362454414367676,0.2861173152923584,0.1880350112915039,0.21775269508361816,0.21499180793762207,0.24593210220336914
Madu,0.08780217170715332,0.0922536849975586,0.09567022323608398,0.10432171821594238,0.10236334800720215,0.09789633750915527,0.10275554656982422,0.24829983711242676,0.2917358875274658,0.17903518676757812,0.229705810546875,0.23576736450195312,0.25046324729919434
Madu,0.10459280014038086,0.10179734230041504,0.10441231727600098,0.12274622917175293,0.08381867408752441,0.09176778793334961,0.1105966567993164,0.20586776733398438,0.369004487991333,0.17695188522338867,0.22547507286071777,0.215162992477417,0.23803400993347168
Madu,0.11225342750549316,0.09495353698730469,0.10768461227416992,0.12795114517211914,0.11713075637817383,0.10853075981140137,0.10715389251708984,0.16671204566955566,0.34139418601989746,0.35710716247558594,0.37409353256225586,1.3181419372558594,0.3028123378753662
Madu,0.12581562995910645,0.09659481048583984,0.1075136661529541,0.11089277267456055,0.1131432056427002,0.13463330268859863,0.10510897636413574,0.2298293113708496,0.8654689788818359,0.19658184051513672,1.5644938945770264,1.1651372909545898,0.2382814884185791
Madu,0.10611176490783691,0.12425994873046875,0.12276554107666016,0.12607431411743164,0.12117886543273926,0.12160873413085938,0.1413707733154297,0.4829123020172119,0.6543920040130615,0.11662697792053223,0.23704743385314941,0.45234155654907227,0.20172977447509766
Madu,0.11510157585144043,0.08671379089355469,0.09529709815979004,0.1156914234161377,0.10213065147399902,0.12733983993530273,0.10806894302368164,0.16360211372375488,0.29531073570251465,0.14241433143615723,0.2381725311279297,0.23345184326171875,0.19259953498840332
Madu,0.09508919715881348,0.08680558204650879,0.09133052825927734,0.12091779708862305,0.1000204086303711,0.1190190315246582,0.10569310188293457,0.16941332817077637,0.29013919830322266,0.09820771217346191,0.21381044387817383,0.23005390167236328,0.16108274459838867
Madu,0.12311077117919922,0.08313894271850586,0.10366368293762207,0.12240958213806152,0.09996962547302246,0.11982178688049316,0.12025189399719238,0.13678479194641113,0.302764892578125,0.14447712898254395,0.25783848762512207,0.2315685749053955,0.200178861618042
Madu,0.10914182662963867,0.0773460865020752,0.10392642021179199,0.11889886856079102,0.10709524154663086,0.10747575759887695,0.11861157417297363,0.17593955993652344,0.31866025924682617,0.15683221817016602,0.23338556289672852,0.22492623329162598,0.18898820877075195
Madu,0.11042022705078125,0.08496832847595215,0.09850311279296875,0.13071727752685547,0.11135196685791016,0.12211012840270996,0.11977934837341309,0.16201353073120117,0.2904484272003174,0.10982680320739746,0.22159194946289062,0.2397022247314453,0.16909003257751465
Madu,0.10812830924987793,0.08228731155395508,0.08422160148620605,0.1133267879486084,0.09660029411315918,0.0972900390625,0.1115732192993164,0.2066822052001953,0.31887173652648926,0.10700106620788574,0.23857426643371582,0.2595939636230469,0.1819925308227539
Madu,0.09499621391296387,0.07514333724975586,0.07750368118286133,0.07814860343933105,0.07801508903503418,0.08118176460266113,0.07718110084533691,0.7956433296203613,0.38263535499572754,0.38517308235168457,0.28876781463623047,0.2761812210083008,0.5644643306732178
Madu,0.07440900802612305,0.08124041557312012,0.07532072067260742,0.07064294815063477,0.06124687194824219,0.08535909652709961,0.06944632530212402,0.6194682121276855,0.355602502822876,0.38463497161865234,0.2964301109313965,0.2944834232330322,0.6663641929626465
Madu,0.07152438163757324,0.0880742073059082,0.07912516593933105,0.07826972007751465,0.09054780006408691,0.0846548080444336,0.08345508575439453,0.6736006736755371,0.39916324615478516,0.38287353515625,0.6465950012207031,0.48958587646484375,0.616868257522583
Madu,0.09976673126220703,0.08468174934387207,0.08723187446594238,0.12075090408325195,0.09078192710876465,0.08967232704162598,0.08923149108886719,0.17453384399414062,0.6641876697540283,0.14175963401794434,0.1951918601989746,0.19885706901550293,0.22972559928894043
Madu,0.09061670303344727,0.08123636245727539,0.09800171852111816,0.10389590263366699,0.10511112213134766,0.10711312294006348,0.10453224182128906,0.4950132369995117,0.657383918762207,0.3548622131347656,0.26729846000671387,0.22279858589172363,0.41165590286254883
Madu,0.10094547271728516,0.0972146987915039,0.09728717803955078,0.11297965049743652,0.12797212600708008,0.10295438766479492,0.1221158504486084,0.5769138336181641,0.7560579776763916,0.30091404914855957,0.2634124755859375,0.23663616180419922,0.4128859043121338
Madu,0.10358095169067383,0.08005309104919434,0.0959320068359375,0.0814661979675293,0.08299517631530762,0.07658839225769043,0.10336732864379883,0.6971921920776367,0.4523656368255615,0.4939308166503906,0.31882691383361816,0.3106091022491455,0.6341676712036133
Madu,0.06440877914428711,0.06928205490112305,0.06102323532104492,0.05815315246582031,0.0743703842163086,0.06860947608947754,0.07111120223999023,0.710885763168335,0.4857006072998047,0.46860313415527344,0.36817431449890137,0.3499903678894043,0.62923264503479
Madu,0.062483787536621094,0.07375264167785645,0.06100201606750488,0.08542466163635254,0.06544089317321777,0.06229805946350098,0.07765650749206543,0.5727648735046387,0.33475732803344727,0.3329343795776367,0.3038492202758789,0.31185293197631836,0.60976243019104
Madu,0.09269833564758301,0.06201934814453125,0.08393311500549316,0.11478209495544434,0.09135818481445312,0.09430980682373047,0.09337425231933594,0.11029195785522461,0.2650783061981201,0.07768583297729492,0.19276952743530273,0.19442081451416016,0.24473214149475098
Madu,0.09729552268981934,0.11794376373291016,0.0941014289855957,0.14136910438537598,0.10380983352661133,0.10428285598754883,0.10643720626831055,0.30072927474975586,0.43814563751220703,0.273801326751709,0.2942190170288086,0.2647864818572998,0.30827808380126953
Madu,0.1026301383972168,0.11346197128295898,0.09089517593383789,0.08533430099487305,0.08548951148986816,0.07544660568237305,0.09736871719360352,0.3245813846588135,0.8629500865936279,0.3664224147796631,0.2578418254852295,0.23250699043273926,0.4870638847351074
Madu,0.10574865341186523,0.09512209892272949,0.0859231948852539,0.09546160697937012,0.09104800224304199,0.0879206657409668,0.09556245803833008,0.14914751052856445,0.26720619201660156,0.10072636604309082,0.1982734203338623,0.2301194667816162,0.18935036659240723
Madu,0.0886232852935791,0.09324145317077637,0.08460640907287598,0.08270668983459473,0.10444164276123047,0.07910299301147461,0.08243775367736816,0.4643211364746094,0.308154821395874,0.2992110252380371,0.22425413131713867,0.27187585830688477,0.5576379299163818
Madu,0.09497976303100586,0.06626009941101074,0.0778815746307373,0.09752345085144043,0.09200930595397949,0.0791635513305664,0.08677482604980469,0.5604443550109863,0.9532418251037598,0.2955660820007324,0.2843167781829834,0.2438492774963379,0.43071627616882324
Madu,0.17237448692321777,0.12233877182006836,0.11749529838562012,0.1062784194946289,0.1210641860961914,0.11765456199645996,0.1371781826019287,0.8576109409332275,0.9911355972290039,0.44023704528808594,0.269345760345459,0.3313007354736328,0.8195884227752686
Madu,0.09386682510375977,0.09364485740661621,0.11483979225158691,0.08889269828796387,0.09727668762207031,0.07054781913757324,0.0815427303314209,1.1122832298278809,0.4615178108215332,0.42304205894470215,0.46436476707458496,0.41417884826660156,0.7518575191497803
Madu,0.13193154335021973,0.12379050254821777,0.13345694541931152,0.12593483924865723,0.10967779159545898,0.10721993446350098,0.13132286071777344,0.8122186660766602,1.0458238124847412,0.637427568435669,0.5953044891357422,0.4217803478240967,0.8927755355834961
Madu,0.10655975341796875,0.09935998916625977,0.08807802200317383,0.11120939254760742,0.11136198043823242,0.08119821548461914,0.09504961967468262,0.15601897239685059,0.2816591262817383,0.2089376449584961,0.23103570938110352,0.21999120712280273,0.24937129020690918
Madu,0.08464217185974121,0.08660364151000977,0.0813908576965332,0.08269357681274414,0.08818626403808594,0.07428288459777832,0.07456851005554199,0.22931647300720215,0.2963731288909912,0.6983926296234131,0.24122095108032227,0.2542080879211426,0.5268354415893555
Madu,0.08844423294067383,0.08724689483642578,0.09100794792175293,0.09998178482055664,0.09296298027038574,0.08385467529296875,0.08504223823547363,0.23958754539489746,0.295285701751709,0.2516448497772217,0.24373388290405273,0.2406139373779297,0.2886354923248291
Madu,0.10306286811828613,0.08378887176513672,0.09497404098510742,0.11944842338562012,0.08257412910461426,0.08231830596923828,0.08980631828308105,0.13284873962402344,0.3053591251373291,0.1396191120147705,0.23644614219665527,0.21498823165893555,0.2175600528717041
Madu,0.0875997543334961,0.08688759803771973,0.0947272777557373,0.1029667854309082,0.0857090950012207,0.10089230537414551,0.09174585342407227,0.1608591079711914,0.33322596549987793,0.11938333511352539,0.21398067474365234,0.21067237854003906,0.26781415939331055
Madu,0.08222460746765137,0.08268237113952637,0.09469962120056152,0.10904145240783691,0.0959317684173584,0.092559814453125,0.07800650596618652,0.133744478225708,0.3253152370452881,0.11593031883239746,0.22854065895080566,0.23936915397644043,0.3466064929962158
Madu,0.08456134796142578,0.0858762264251709,0.08420467376708984,0.10127902030944824,0.08871865272521973,0.09038686752319336,0.0906062126159668,0.12309479713439941,0.31761693954467773,0.10964322090148926,0.20351409912109375,0.19649434089660645,0.23987793922424316
Madu,0.0947723388671875,0.08933711051940918,0.0900125503540039,0.10187053680419922,0.08862590789794922,0.09514427185058594,0.08286094665527344,0.1399695873260498,0.33132195472717285,0.10323071479797363,0.20453643798828125,0.21616291999816895,0.3073408603668213
Madu,0.08100032806396484,0.0951838493347168,0.08615398406982422,0.10907697677612305,0.09641909599304199,0.09831881523132324,0.0862894058227539,0.1260359287261963,0.3404264450073242,0.11173701286315918,0.22986197471618652,0.21961259841918945,0.363084077835083
Madu,0.12427520751953125,0.08468818664550781,0.09040498733520508,0.09802532196044922,0.09974956512451172,0.07911086082458496,0.0795137882232666,0.13103294372558594,0.2667660713195801,0.1176598072052002,0.21049928665161133,0.22062969207763672,0.2641580104827881
Madu,0.0909736156463623,0.09282922744750977,0.09163308143615723,0.10888981819152832,0.08559894561767578,0.08946013450622559,0.09378385543823242,0.16280889511108398,0.3185281753540039,0.09079146385192871,0.21103239059448242,0.20891880989074707,0.22756743431091309
Madu,0.08687472343444824,0.07652974128723145,0.07874560356140137,0.09811902046203613,0.0905299186706543,0.09665870666503906,0.08403253555297852,0.15485024452209473,0.3132009506225586,0.12184739112854004,0.20746850967407227,0.195664644241333,0.24780797958374023
Madu,0.08382558822631836,0.08664417266845703,0.08758115768432617,0.10278677940368652,0.09308147430419922,0.10090494155883789,0.10224318504333496,0.14267754554748535,0.5456907749176025,0.11690163612365723,0.19887351989746094,0.2085268497467041,0.24328207969665527
Madu,0.07550907135009766,0.0786740779876709,0.09928679466247559,0.0969703197479248,0.09618592262268066,0.09374213218688965,0.07930755615234375,0.14886474609375,0.3785281181335449,0.10617399215698242,0.2130427360534668,0.1915428638458252,0.3236832618713379
Madu,0.07477402687072754,0.07391643524169922,0.08121967315673828,0.10351276397705078,0.08895611763000488,0.08668327331542969,0.08843803405761719,0.15866637229919434,0.380903959274292,0.10028290748596191,0.20840907096862793,0.20601654052734375,0.36201953887939453
Madu,0.08151388168334961,0.08493399620056152,0.09757804870605469,0.10130763053894043,0.07981371879577637,0.07977533340454102,0.09359979629516602,0.10062408447265625,0.3138701915740967,0.07452034950256348,0.2087717056274414,0.20054268836975098,0.22083687782287598
Madu,0.09775924682617188,0.09926748275756836,0.09023761749267578,0.11700582504272461,0.09294295310974121,0.09235620498657227,0.08237719535827637,0.13825321197509766,0.3431539535522461,0.10506629943847656,0.2027890682220459,0.19140958786010742,0.21477150917053223
Madu,0.09627962112426758,0.07339167594909668,0.0877985954284668,0.11257219314575195,0.09995532035827637,0.10197830200195312,0.09894776344299316,0.14689922332763672,0.9158544540405273,0.1606285572052002,0.2008802890777588,0.19685912132263184,0.27637577056884766
Madu,0.08645153045654297,0.07779216766357422,0.08578133583068848,0.1000070571899414,0.09330081939697266,0.09838032722473145,0.0887749195098877,0.11938118934631348,0.2686796188354492,0.07330155372619629,0.19447803497314453,0.18694281578063965,0.19395089149475098
Madu,0.09957289695739746,0.07902288436889648,0.09171152114868164,0.10654425621032715,0.08959674835205078,0.0892326831817627,0.09620022773742676,0.10019540786743164,0.27772021293640137,0.09515023231506348,0.2014009952545166,0.18792986869812012,0.24241900444030762
Madu,0.10035848617553711,0.0823981761932373,0.09635758399963379,0.10112333297729492,0.08817815780639648,0.08540081977844238,0.08968019485473633,0.1285104751586914,0.348435640335083,0.103607177734375,0.20461010932922363,0.2006664276123047,0.24769163131713867
Madu,0.10011887550354004,0.0797274112701416,0.08186936378479004,0.10208415985107422,0.08263540267944336,0.09795618057250977,0.09090113639831543,0.13507413864135742,0.2671079635620117,0.09352803230285645,0.20892786979675293,0.18236923217773438,0.1971132755279541
Madu,0.10733628273010254,0.09267544746398926,0.09593462944030762,0.10385680198669434,0.09676671028137207,0.08570384979248047,0.10132884979248047,0.139207124710083,0.3100614547729492,0.08323359489440918,0.2093031406402588,0.23425078392028809,0.26946115493774414
Madu,0.09453749656677246,0.08880376815795898,0.09497427940368652,0.09592175483703613,0.08997488021850586,0.08952474594116211,0.08413553237915039,0.2048017978668213,0.2939584255218506,0.09702539443969727,0.1989448070526123,0.18585848808288574,0.27524232864379883
Madu,0.06804394721984863,0.08310937881469727,0.07788729667663574,0.09934353828430176,0.0858755111694336,0.09409809112548828,0.09374594688415527,0.1825559139251709,0.32103443145751953,0.07518172264099121,0.18676066398620605,0.18540596961975098,0.23618245124816895
Madu,0.07837438583374023,0.08306407928466797,0.07939386367797852,0.10241889953613281,0.09565329551696777,0.09335780143737793,0.09493470191955566,0.1584155559539795,0.2759687900543213,0.08051824569702148,0.19734883308410645,0.18897414207458496,0.18038129806518555
Madu,0.08899283409118652,0.09843230247497559,0.09174704551696777,0.11523675918579102,0.09982180595397949,0.10588502883911133,0.09247756004333496,0.1033012866973877,0.29312992095947266,0.08252215385437012,0.21254825592041016,0.17115497589111328,0.251859188079834
Madu,0.10294580459594727,0.07665514945983887,0.07739973068237305,0.09811949729919434,0.09042525291442871,0.08629107475280762,0.09930992126464844,0.12566184997558594,0.3504762649536133,0.08819341659545898,0.19128084182739258,0.19877338409423828,0.22256755828857422
Madu,0.08353590965270996,0.0833883285522461,0.02757740020751953,0.09604644775390625,0.08789658546447754,0.08164834976196289,0.08108687400817871,0.12234640121459961,0.31739020347595215,0.07605671882629395,0.19932222366333008,0.19400382041931152,0.5054643154144287
Madu,0.09244894981384277,0.08709502220153809,0.08073115348815918,0.09920811653137207,0.08860087394714355,0.09201264381408691,0.08130693435668945,0.1470348834991455,0.27613306045532227,0.11537957191467285,0.1941232681274414,0.1994333267211914,0.2687358856201172
